<?xml version="1.0" encoding="UTF-8" ?>
<?xml-stylesheet href="c_7daysforecast.xsl" type="text/xsl"?>

<SevenDaysForecast xmlns:xsi="http://www.w3.org/2001/XMLSchema-instance" xsi:noNamespaceSchemaLocation="7daysweatherforecast.xsd">
 <System>
  <SysAuthor>SMG-InfoGrp</SysAuthor>
  <SysPubdate>2020-08-13 14:00</SysPubdate>
  <SysLanguage>0</SysLanguage>
 </System>
 <Custom>
  <WeatherForecast>
   <AstronomicalTide>NIL</AstronomicalTide>
   <ValidFor>2020-08-13</ValidFor>
   <c_DayOfWeek>四</c_DayOfWeek>
   <Icon>
    <IconName>ww-c18.gif</IconName>
    <IconURL>http://www.smg.gov.mo/icons/weatherIcon/ww-c18.gif</IconURL>
   </Icon>
   <WeatherStatus>18</WeatherStatus>
   <Temperature>
    <Type>1</Type>
    <MeasureUnit>&#176;C</MeasureUnit>
    <Value>30</Value>
   </Temperature>
   <Temperature>
    <Type>2</Type>
    <MeasureUnit>&#176;C</MeasureUnit>
    <Value>24</Value>
   </Temperature>
   <Humidity>
    <Type>1</Type>
    <MeasureUnit>%</MeasureUnit>
    <Value>99</Value>
   </Humidity>
   <Humidity>
    <Type>2</Type>
    <MeasureUnit>%</MeasureUnit>
    <Value>80</Value>
   </Humidity>
   <WeatherDescription>多雲，短暫時間有陽光。間中有驟雨。有幾陣雷暴。吹3至4級南至東南風及有陣風。</WeatherDescription>
  </WeatherForecast>
  <WeatherForecast>
   <AstronomicalTide>NIL</AstronomicalTide>
   <ValidFor>2020-08-14</ValidFor>
   <c_DayOfWeek>五</c_DayOfWeek>
   <Icon>
    <IconName>ww-c02.gif</IconName>
    <IconURL>http://www.smg.gov.mo/icons/weatherIcon/ww-c02.gif</IconURL>
   </Icon>
   <WeatherStatus>02</WeatherStatus>
   <Temperature>
    <Type>1</Type>
    <MeasureUnit>&#176;C</MeasureUnit>
    <Value>32</Value>
   </Temperature>
   <Temperature>
    <Type>2</Type>
    <MeasureUnit>&#176;C</MeasureUnit>
    <Value>25</Value>
   </Temperature>
   <Humidity>
    <Type>1</Type>
    <MeasureUnit>%</MeasureUnit>
    <Value>95</Value>
   </Humidity>
   <Humidity>
    <Type>2</Type>
    <MeasureUnit>%</MeasureUnit>
    <Value>70</Value>
   </Humidity>
   <WeatherDescription>多雲，部份時間有陽光。有一兩陣驟雨。吹3至4級南至東南風。</WeatherDescription>
  </WeatherForecast>
  <WeatherForecast>
   <AstronomicalTide>NIL</AstronomicalTide>
   <ValidFor>2020-08-15</ValidFor>
   <c_DayOfWeek>六</c_DayOfWeek>
   <Icon>
    <IconName>ww-c02.gif</IconName>
    <IconURL>http://www.smg.gov.mo/icons/weatherIcon/ww-c02.gif</IconURL>
   </Icon>
   <WeatherStatus>02</WeatherStatus>
   <Temperature>
    <Type>1</Type>
    <MeasureUnit>&#176;C</MeasureUnit>
    <Value>33</Value>
   </Temperature>
   <Temperature>
    <Type>2</Type>
    <MeasureUnit>&#176;C</MeasureUnit>
    <Value>26</Value>
   </Temperature>
   <Humidity>
    <Type>1</Type>
    <MeasureUnit>%</MeasureUnit>
    <Value>95</Value>
   </Humidity>
   <Humidity>
    <Type>2</Type>
    <MeasureUnit>%</MeasureUnit>
    <Value>65</Value>
   </Humidity>
   <WeatherDescription>天氣酷熱。天晴，部份時間多雲。有一兩陣驟雨。吹3至4級南至東南風。</WeatherDescription>
  </WeatherForecast>
  <WeatherForecast>
   <AstronomicalTide>NIL</AstronomicalTide>
   <ValidFor>2020-08-16</ValidFor>
   <c_DayOfWeek>日</c_DayOfWeek>
   <Icon>
    <IconName>ww-c16.gif</IconName>
    <IconURL>http://www.smg.gov.mo/icons/weatherIcon/ww-c16.gif</IconURL>
   </Icon>
   <WeatherStatus>16</WeatherStatus>
   <Temperature>
    <Type>1</Type>
    <MeasureUnit>&#176;C</MeasureUnit>
    <Value>30</Value>
   </Temperature>
   <Temperature>
    <Type>2</Type>
    <MeasureUnit>&#176;C</MeasureUnit>
    <Value>26</Value>
   </Temperature>
   <Humidity>
    <Type>1</Type>
    <MeasureUnit>%</MeasureUnit>
    <Value>95</Value>
   </Humidity>
   <Humidity>
    <Type>2</Type>
    <MeasureUnit>%</MeasureUnit>
    <Value>75</Value>
   </Humidity>
   <WeatherDescription>大致多雲。有幾陣驟雨。吹2至4級南至東南風。</WeatherDescription>
  </WeatherForecast>
  <WeatherForecast>
   <AstronomicalTide>NIL</AstronomicalTide>
   <ValidFor>2020-08-17</ValidFor>
   <c_DayOfWeek>一</c_DayOfWeek>
   <Icon>
    <IconName>ww-c16.gif</IconName>
    <IconURL>http://www.smg.gov.mo/icons/weatherIcon/ww-c16.gif</IconURL>
   </Icon>
   <WeatherStatus>16</WeatherStatus>
   <Temperature>
    <Type>1</Type>
    <MeasureUnit>&#176;C</MeasureUnit>
    <Value>30</Value>
   </Temperature>
   <Temperature>
    <Type>2</Type>
    <MeasureUnit>&#176;C</MeasureUnit>
    <Value>26</Value>
   </Temperature>
   <Humidity>
    <Type>1</Type>
    <MeasureUnit>%</MeasureUnit>
    <Value>95</Value>
   </Humidity>
   <Humidity>
    <Type>2</Type>
    <MeasureUnit>%</MeasureUnit>
    <Value>75</Value>
   </Humidity>
   <WeatherDescription>大致多雲。有幾陣驟雨。吹2至4級東至東南風。</WeatherDescription>
  </WeatherForecast>
  <WeatherForecast>
   <AstronomicalTide>NIL</AstronomicalTide>
   <ValidFor>2020-08-18</ValidFor>
   <c_DayOfWeek>二</c_DayOfWeek>
   <Icon>
    <IconName>ww-c02.gif</IconName>
    <IconURL>http://www.smg.gov.mo/icons/weatherIcon/ww-c02.gif</IconURL>
   </Icon>
   <WeatherStatus>02</WeatherStatus>
   <Temperature>
    <Type>1</Type>
    <MeasureUnit>&#176;C</MeasureUnit>
    <Value>31</Value>
   </Temperature>
   <Temperature>
    <Type>2</Type>
    <MeasureUnit>&#176;C</MeasureUnit>
    <Value>26</Value>
   </Temperature>
   <Humidity>
    <Type>1</Type>
    <MeasureUnit>%</MeasureUnit>
    <Value>95</Value>
   </Humidity>
   <Humidity>
    <Type>2</Type>
    <MeasureUnit>%</MeasureUnit>
    <Value>70</Value>
   </Humidity>
   <WeatherDescription>多雲，短暫時間有陽光。有一兩陣驟雨。吹2至4級東至東南風。</WeatherDescription>
  </WeatherForecast>
  <WeatherForecast>
   <AstronomicalTide>NIL</AstronomicalTide>
   <ValidFor>2020-08-19</ValidFor>
   <c_DayOfWeek>三</c_DayOfWeek>
   <Icon>
    <IconName>ww-c02.gif</IconName>
    <IconURL>http://www.smg.gov.mo/icons/weatherIcon/ww-c02.gif</IconURL>
   </Icon>
   <WeatherStatus>02</WeatherStatus>
   <Temperature>
    <Type>1</Type>
    <MeasureUnit>&#176;C</MeasureUnit>
    <Value>32</Value>
   </Temperature>
   <Temperature>
    <Type>2</Type>
    <MeasureUnit>&#176;C</MeasureUnit>
    <Value>26</Value>
   </Temperature>
   <Humidity>
    <Type>1</Type>
    <MeasureUnit>%</MeasureUnit>
    <Value>95</Value>
   </Humidity>
   <Humidity>
    <Type>2</Type>
    <MeasureUnit>%</MeasureUnit>
    <Value>70</Value>
   </Humidity>
   <WeatherDescription>多雲，部份時間有陽光。有一兩陣驟雨。吹3至4級東至東南風。</WeatherDescription>
  </WeatherForecast>
  <IssuedTime>2020-08-13 14:00</IssuedTime>
 </Custom>
</SevenDaysForecast>